Username,First Name,Last Name,Email,Gender,Age,Country,Join Date,Preferred Languages,isPremium,ProfilePic,Password
Shivi_1899,Shivangi,Vagadia,shivi@gmail.com,Female,19,India, 19-4-2018,"English,Hindi,Punjabi",No,Shivi_1899.png,shiviiii1318
Coder00,Sanket,Chaudhari,sanket@gmail.com,Male,19,USA,5-5-2015,English,Yes,Coder00.png,sanket555
KK212,Kirtan ,Kapadia,kirtan11@gmail.com,Male,26,India,8-9-2009,"Hindi,English",Yes,KK212.png,chillinlife
kajju58,Kinjal,Patel,kajju08@gmail.com,Female,20,China,5-8-2010,"English,Hindi",No,kajju58,iamsweet
Ianocean,Ian,Malhotra,iann3@gmail.com,Male,30,India,9-9-2005,English,Yes,Ianocean.png,saveocean
Damon_143,Damon,Salvatore,damons@gmail.com,Male,22,Australia,8-12 -2007,"English,Spanish",No,Damon_143.png,immess
Kuku17,Mukund,Kalra,mukund@gmail.com,Male,20,India,17-2-2018,"English,Punjabi,Hindi",No,Kuku17.png,needspace
Swappy96,Swapnil,Dubey,Swappy99@gmail.com,Male,18,India,5-8-2019,Hindi,No,Swappy96.png,foodislife
mohu44,Mohul,Sharma,mohul@gmail.com,Male,20,USA,6-9-2013,English,Yes,mohu44.png,curlszzzz
Pepta,Rahul,Singh,rahul45@gmail.com,Male,23,India,2-3-2014,Hindi,Yes,Pepta.png,naamtosunahoga
preep,Preeti,Kaur,preeti14@gmail.com,Female,22,India,8-5-2016,"Hindi,English",No,preep.png,dontknow
kabb67,Kabir,Singh,kabir53@gmail.com,Male,25,Australia,4-5-2013,English,No,kabb67.png,cantremember
bebo33,Pooja,Sharma,poo33@gmail.com,Female,23,India,6-3-2010,"English,Hindi",Yes,bebo33.png,whtisthisbehaviour
Anju_112,Anjali,Kalra,anju112@gmail.com,Female,27,India,2-7-2017,Hindi,No,Anju_112.png,chandnichowk
bhavu88,Bhavik,Joshi,bhavik@gmail.com,Male,35,India,8-6-2005,Hindi,No,bhavu88.png,blackislove
dhang90,Zen,Tushi,zen90@gmail.com,Male,24,China,2-1-2010,English,Yes,dhang90.png,madeinchina
shivu001,Shivangi,Sanon,shivu001@gmail.com,Female,34,India,4-7-2013,English,No,shivu001.png,getoverhim
raju123,Rahul,Shah,rajukaju@gmail.com,Male,40,USA,5-3-2004,"English,Hindi",Yes,raju123.png,patato000
Happy34,Harsh,Jain,harsh7@gmail.com,Male,31,India,1-1-2010,Hindi,No,Happy34,bhukhadhume
Abhi577,Jishu,Abhishek,jishu23@gmail.com,Male,42,USA,8-6-2013,English,No,Abhi577.png,lolololol11
Rocky143,Raj,Malhotra,raj143@gmail.com,Male,25,India,3-5-2009,Hindi,Yes,Rocky143.png,ssshhhh12
Dulha88,Dirgh,Trivedi,dirgh@gmail.com,Male,22,India,3-4-2010,Hindi,No,Dulha88.png,jobdilwado
daisy44,Daisy,Peter,daisy@gmail.com,Female,29,Australia,4-3-2005,English,Yes,daisy44.png,phoolfool
Rach80,Rachel,Green,rachel@gmail.com,Female,30,USA,9-3-2013,English,Yes,Rach80.png,menughhh
ross20,Ross,Geller,ross20@gmail.com,Male,32,USA,14-11-2013,English,No,ross20.png,wewereonbreak
bing56,Chandler,Bing,chandler@gmail.com,Male,34,India,12-12-2012,"English,Hindi",Yes,bing56.png,whtdidimarryinto
pizza069,Joey,Singh,joey@gmail.com,Male,27,India,17-6-2006,"Punjabi,Hindi",No,pizza069.png,idontsharefood
Mon35,Monica,Geller,mon35@gmail.com,Female,25,USA,13-5-2013,English,No,Mon35.png,mylobster
phob78,Phobe,Buffay,phobe@gmail.com,Female,34,USA,17-4-2017,"English,Russian",Yes,phob78,smellycats
Emm002,Emma,Green,emma@gmail.com,Female,19,India,3-9-2009,Hindi,No,Emm002.png,babygotback
Shaby,Aman,Verasia,Aman@gmail.com,Male,20,Pakistan,2-1-2009,English,Yes,Shaby.png,greengrass
Chotu234,Kinjal,Patel,kinjal35@gmail.com,Male,25,India,5-8-2007,Hindi,No,Chotu234,whitehorsesilk
Saml17,Samyak,Dubey,samyak45@gmail.com,Male,38,India,7-7-2017,HIndi,Yes,Saml17.png,icecream
Shawn50,Saumya,Kalra,saumya78@gmail.com,Female,19,India,31-1-2017,English,No,Shawn50.png,saveearth
Pink24,Payal,Joshi,payal@gmail.com,Female,28,India,2-8-2008,Hindi,Yes,Pink24.png,pinkisfav
billy00,Parth,Pandya,parth22@gmail.com,Male,40,India,4-6-2016,English,Yes,billy00.png,psswrdzone
nazz99,Nisarg,Vagadia,nisarg21@gmail.com,Male,25,India,3-7-2013,Gujarati,No,nazz99.png,songsareimp
Holla66,Hibba,Khan,hibba88@gmail.com,Female,28,Pakistan,6-9-2019,Hindi,Yes,Holla66.png,livelifelaugh
Rider77,James,Puth,james569@gmail.com,Male,37,USA,7-3-2014,English,Yes,Rider77.png,jamesbond007
scar900,Scarlet,Watson,scarlet@gmail.com,Female,42,USA,5-5-2015,English,No,scar900.png,wonderwoman
dolly444,Dolly,Singh,dolly6767@gmail.com,Female,26,India,7-9-2019,"Punjabi,Hindi",Yes,dolly444.png,dollupdressup
Rubby712,Ruby,Shah,ruby5678@gmail.com,Female,28,India,9-7-2003,Hindi,No,Rubby712.png,studyandsongs
moo89,Mohul,Sharma,mohul655@gmail.com,Male,25,India,2-6-2006,English,Yes,moo89.png,callmemoo
zoy777,Zoya,Akhtar,Zoya00@gmail.com,Female,48,Pakistan,5-6-2014,"Urdu,Hindi",Yes,zoy777.png,listensongs
kumar14,Kamlesh,Patel,kamlesh@gmail.com,Male,29,USA,8-3-2013,English,Yes,kumar14.png,workandsongs
wolf1010,Ahana,Sharma,ahana@gmail.com,Female,27,India,3-4-2014,English,No,wolf1010.png,laughlife
Tex60,Toi,Zen,toi7872@gmail.com,Female,22,China,7-3-2015,English,Yes,Tex60.png,citywork
Sam18,Sam,Mark,sam554@gmail.com,Male,29,USA,8-3-2018,English,No,Sam18.png,rockandroll
nandu46,Nandini,Pandya,nandini46@gmail.com,Female,19,India,5-3-2012,"English,Hindi,Punjabi",Yes,nandu46,songsarelife